City_ID,City,Country,Date,Lat,Lng,Max Temp,Humidity,Cloudiness,Wind Speed
0,Puerto Ayora,EC,2022-07-23 05:08:43,-0.7393,-90.3518,69.55,91,26,3.0
1,Provideniya,RU,2022-07-23 05:08:43,64.3833,-173.3,48.43,71,97,4.61
2,Rikitea,PF,2022-07-23 05:08:43,-23.1203,-134.9692,72.93,69,10,9.51
3,Hilo,US,2022-07-23 05:08:44,19.7297,-155.09,76.73,85,0,3.44
4,Port Alfred,ZA,2022-07-23 05:08:44,-33.5906,26.891,59.56,79,100,11.43
5,Mataura,NZ,2022-07-23 05:08:44,-46.1927,168.8643,44.47,86,4,2.71
6,Hermanus,ZA,2022-07-23 05:08:44,-34.4187,19.2345,52.81,77,76,13.2
7,Jamestown,US,2022-07-23 05:08:45,42.097,-79.2353,72.72,82,0,4.61
8,Matara,LK,2022-07-23 05:08:45,5.9485,80.5353,82.22,79,50,14.63
9,Busselton,AU,2022-07-23 05:08:45,-33.65,115.3333,56.07,89,99,17.81
10,Chivilcoy,AR,2022-07-23 05:05:42,-34.8957,-60.0167,47.21,95,11,6.82
11,Salaga,GH,2022-07-23 05:08:46,8.5508,-0.5188,71.96,96,100,3.15
12,Dongobesh,TZ,2022-07-23 05:08:46,-4.0667,35.3833,50.68,82,53,7.65
13,Vaini,TO,2022-07-23 05:08:46,-21.2,-175.2,71.76,88,75,10.36
14,Nizhniy Odes,RU,2022-07-23 05:08:47,63.6445,54.856,55.45,57,100,6.29
15,Leninskiy,RU,2022-07-23 05:08:47,54.2781,37.4558,65.91,78,10,9.13
16,Ushuaia,AR,2022-07-23 05:08:47,-54.8,-68.3,35.26,87,75,23.02
17,Bluff,NZ,2022-07-23 05:08:48,-46.6,168.3333,44.8,73,2,4.59
18,Zharkovskiy,RU,2022-07-23 05:08:48,55.849,32.2697,67.39,65,1,3.56
19,Harper,LR,2022-07-23 05:08:32,4.375,-7.7169,73.69,74,98,5.77
20,Fortuna,US,2022-07-23 05:08:48,40.5982,-124.1573,58.93,84,24,1.01
21,Kampene,CD,2022-07-23 05:08:49,-3.6,26.6667,69.06,69,91,1.25
22,Chokurdakh,RU,2022-07-23 05:08:49,70.6333,147.9167,64.62,36,34,13.11
23,Albany,US,2022-07-23 05:06:57,42.6001,-73.9662,71.44,88,42,3.56
24,Ramnagar,IN,2022-07-23 05:08:49,29.4,79.1167,92.7,48,89,9.98
25,Cabo San Lucas,MX,2022-07-23 05:07:15,22.8909,-109.9124,85.51,70,78,7.61
26,Kaitangata,NZ,2022-07-23 05:08:50,-46.2817,169.8464,42.33,84,3,2.3
27,Severo-Yeniseyskiy,RU,2022-07-23 05:08:50,60.3725,93.0408,69.76,50,29,8.28
28,Tasiilaq,GL,2022-07-23 05:08:50,65.6145,-37.6368,33.96,82,61,8.23
29,Hobart,AU,2022-07-23 05:07:04,-42.8794,147.3294,59.25,65,75,8.05
30,Ko Samui,TH,2022-07-23 05:06:32,9.5357,99.9357,80.38,79,100,6.55
31,Hokitika,NZ,2022-07-23 05:08:51,-42.7167,170.9667,47.62,88,100,6.04
32,Constitucion,CL,2022-07-23 05:04:07,-35.3333,-72.4167,52.09,93,100,5.08
33,Hithadhoo,MV,2022-07-23 05:08:51,-0.6,73.0833,82.24,72,100,5.19
34,Georgetown,MY,2022-07-23 05:04:23,5.4112,100.3354,85.95,74,40,5.75
35,Hasaki,JP,2022-07-23 05:08:52,35.7333,140.8333,90.0,74,0,16.89
36,Ribeira Grande,PT,2022-07-23 05:08:52,38.5167,-28.7,72.84,89,55,6.44
37,Bambous Virieux,MU,2022-07-23 05:08:52,-20.3428,57.7575,74.21,71,5,16.78
38,Dikson,RU,2022-07-23 05:08:53,73.5069,80.5464,52.39,74,97,10.33
39,Kirakira,SB,2022-07-23 05:08:53,-10.4544,161.9205,82.47,77,21,4.94
40,Guerrero Negro,MX,2022-07-23 05:08:53,27.9769,-114.0611,67.12,87,22,15.05
41,Kapaa,US,2022-07-23 05:08:53,22.0752,-159.319,82.38,74,20,16.11
42,Forestville,US,2022-07-23 05:05:44,38.8451,-76.875,82.2,81,0,6.91
43,Port Elizabeth,ZA,2022-07-23 05:08:54,-33.918,25.5701,58.32,79,100,10.0
44,Balabac,PH,2022-07-23 05:08:54,7.9868,117.0645,84.61,73,40,1.23
45,Goundam,ML,2022-07-23 05:08:55,16.4145,-3.6708,88.97,44,94,8.41
46,New Norfolk,AU,2022-07-23 05:08:55,-42.7826,147.0587,58.5,74,100,1.01
47,Belmonte,BR,2022-07-23 05:08:55,-15.8631,-38.8828,70.59,86,30,6.31
48,Norman Wells,CA,2022-07-23 05:08:55,65.282,-126.8329,69.93,57,64,5.08
49,San Cristobal,VE,2022-07-23 05:09:56,7.7669,-72.225,68.18,98,77,3.15
50,Broken Hill,AU,2022-07-23 05:09:56,-31.95,141.4333,64.47,50,82,11.56
51,Sangar,RU,2022-07-23 05:09:57,63.9242,127.4739,73.58,53,100,7.47
52,Lebu,CL,2022-07-23 05:09:57,-37.6167,-73.65,52.99,95,100,13.87
53,Souillac,MU,2022-07-23 05:09:57,-20.5167,57.5167,71.74,73,19,15.57
54,Faanui,PF,2022-07-23 05:09:58,-16.4833,-151.75,78.76,74,9,10.6
55,Saint-Philippe,RE,2022-07-23 05:05:42,-21.3585,55.7679,71.22,85,51,15.57
56,Bredasdorp,ZA,2022-07-23 05:09:58,-34.5322,20.0403,51.71,86,88,7.65
57,Longyearbyen,SJ,2022-07-23 05:09:58,78.2186,15.6401,48.04,81,75,4.61
58,Kruisfontein,ZA,2022-07-23 05:09:59,-34.0033,24.7314,49.89,73,100,12.01
59,Koubia,GN,2022-07-23 05:09:59,11.5833,-11.9,66.9,97,96,1.72
60,Qaanaaq,GL,2022-07-23 05:09:59,77.484,-69.3632,37.0,99,100,11.45
61,Rubik,AL,2022-07-23 05:10:00,41.7744,19.7861,71.26,44,0,3.71
62,Punta Arenas,CL,2022-07-23 05:10:00,-53.15,-70.9167,32.11,80,0,10.36
63,Atuona,PF,2022-07-23 05:10:00,-9.8,-139.0333,77.59,77,14,16.11
64,Narsaq,GL,2022-07-23 05:10:01,60.9167,-46.05,44.82,77,47,1.01
65,Coquimbo,CL,2022-07-23 05:10:01,-29.9533,-71.3436,53.33,87,100,3.44
66,General Pico,AR,2022-07-23 05:10:01,-35.6566,-63.7568,49.39,69,100,9.1
67,Kachiry,KZ,2022-07-23 05:10:01,53.0675,76.1036,74.08,40,17,11.32
68,Portland,US,2022-07-23 05:08:22,45.5234,-122.6762,68.47,74,0,8.01
69,Seoul,KR,2022-07-23 05:08:33,37.5683,126.9778,85.39,70,100,4.38
70,Mazagao,BR,2022-07-23 05:10:02,-0.115,-51.2894,77.05,87,80,3.11
71,Fort Nelson,CA,2022-07-23 05:05:21,58.8053,-122.7002,59.25,69,20,4.92
72,Alofi,NU,2022-07-23 05:10:03,-19.0595,-169.9187,76.19,77,17,15.77
73,Cam Ranh,VN,2022-07-23 05:10:03,11.9214,109.1591,87.76,62,20,9.22
74,Sao Gabriel Da Cachoeira,BR,2022-07-23 05:10:03,-0.1303,-67.0892,71.8,99,100,2.06
75,Yongchang,CN,2022-07-23 05:10:04,30.0381,119.7317,105.58,39,44,12.93
76,Wajima,JP,2022-07-23 05:07:42,37.4,136.9,76.35,79,32,10.87
77,Hindaun,IN,2022-07-23 05:10:04,26.7167,77.0167,88.03,64,100,8.28
78,Saint-Augustin,CA,2022-07-23 05:05:53,51.226,-58.6502,54.7,97,100,6.71
79,Carnarvon,AU,2022-07-23 05:10:05,-24.8667,113.6333,69.19,51,52,13.22
80,Ust-Kut,RU,2022-07-23 05:10:05,56.7938,105.7672,74.75,60,100,3.53
81,Shihezi,CN,2022-07-23 05:10:05,44.3,86.0333,99.36,11,3,9.06
82,Tuatapere,NZ,2022-07-23 05:10:06,-46.1333,167.6833,44.08,82,37,3.6
83,Steamboat Springs,US,2022-07-23 05:05:50,40.485,-106.8317,76.5,47,0,0.0
84,Portoferraio,IT,2022-07-23 05:10:06,42.8115,10.3146,78.98,72,1,10.0
85,Marzuq,YE,2022-07-23 05:10:06,14.4,46.4667,79.52,55,42,8.88
86,Vitim,RU,2022-07-23 05:10:07,59.4511,112.5578,89.98,39,100,5.1
87,Cherskiy,RU,2022-07-23 05:10:07,68.75,161.3,57.06,43,23,3.91
88,Upernavik,GL,2022-07-23 05:10:07,72.7868,-56.1549,43.05,93,100,9.53
89,Noumea,NC,2022-07-23 05:09:39,-22.2763,166.4572,75.99,99,100,7.7
90,Mexico,PH,2022-07-23 05:10:08,15.0646,120.7198,93.34,53,52,2.28
91,Tuktoyaktuk,CA,2022-07-23 05:10:08,69.4541,-133.0374,47.08,92,96,16.13
92,Galle,LK,2022-07-23 05:10:09,6.0367,80.217,80.92,83,57,15.03
93,Kivertsi,UA,2022-07-23 05:10:09,50.8343,25.4582,70.92,73,67,5.95
94,Cape Town,ZA,2022-07-23 05:10:09,-33.9258,18.4232,54.12,90,48,3.0
95,Torbay,CA,2022-07-23 05:11:10,47.6666,-52.7314,66.97,90,40,12.66
96,Manta,EC,2022-07-23 05:06:45,-0.95,-80.7333,71.38,83,40,6.91
97,Hofn,IS,2022-07-23 05:11:10,64.2539,-15.2082,51.93,86,69,2.39
98,Pevek,RU,2022-07-23 05:11:10,69.7008,170.3133,34.11,92,73,5.66
99,Barrow,US,2022-07-23 05:11:11,71.2906,-156.7887,37.42,93,100,13.8
100,Hohhot,CN,2022-07-23 05:11:11,40.8106,111.6522,83.44,26,3,11.5
101,Avarua,CK,2022-07-23 05:11:11,-21.2078,-159.775,75.25,69,20,9.22
102,Thinadhoo,MV,2022-07-23 05:11:11,0.5333,72.9333,81.77,73,100,7.72
103,Saint George,US,2022-07-23 05:11:12,37.1041,-113.5841,100.26,19,0,3.44
104,Tucuma,BR,2022-07-23 05:11:12,-0.1833,-50.05,75.83,89,100,4.97
105,Meulaboh,ID,2022-07-23 05:11:12,4.1363,96.1285,87.15,64,88,7.43
106,Aksu,CN,2022-07-23 05:11:13,41.1231,80.2644,95.43,13,0,2.19
107,Mar Del Plata,AR,2022-07-23 05:11:13,-38.0023,-57.5575,49.08,85,92,18.99
108,Gimli,CA,2022-07-23 05:11:13,50.6336,-96.9907,63.86,79,69,4.72
109,Le Port,RE,2022-07-23 05:11:14,-20.9373,55.2919,71.62,68,19,5.41
110,Mehamn,NO,2022-07-23 05:11:14,71.0357,27.8492,55.35,71,40,10.36
111,Esperance,AU,2022-07-23 05:11:14,-33.8667,121.9,65.48,53,4,20.76
112,Cairns,AU,2022-07-23 05:11:15,-16.9167,145.7667,85.06,53,10,6.91
113,Chuy,UY,2022-07-23 05:11:15,-33.6971,-53.4616,56.39,98,100,5.32
114,Groa,NO,2022-07-23 05:11:15,62.65,8.7167,57.13,79,70,3.2
115,Bethel,US,2022-07-23 05:11:16,41.3712,-73.414,75.63,91,0,0.0
116,Bengkulu,ID,2022-07-23 05:11:16,-3.8004,102.2655,86.07,63,22,8.01
117,Quthing,LS,2022-07-23 05:11:16,-30.4,27.7003,48.69,54,89,3.85
118,La Romana,DO,2022-07-23 05:11:17,18.4273,-68.9728,77.14,86,81,13.27
119,Yarada,IN,2022-07-23 05:11:17,17.65,83.2667,86.32,74,40,9.22
120,Mitu,CO,2022-07-23 05:11:17,1.1983,-70.1733,70.74,99,100,1.57
121,Araguaina,BR,2022-07-23 05:11:18,-7.1911,-48.2072,70.39,46,9,4.05
122,Katsuura,JP,2022-07-23 05:09:23,35.1333,140.3,82.72,71,0,19.28
123,Adrar,MR,2022-07-23 05:11:18,20.5022,-10.0711,87.85,45,85,2.35
124,Kodiak,US,2022-07-23 05:11:18,57.79,-152.4072,49.84,83,98,5.14
125,Flin Flon,CA,2022-07-23 05:11:19,54.7682,-101.865,50.5,85,96,5.32
126,Airai,TL,2022-07-23 05:11:19,-8.9266,125.4092,71.15,41,12,3.87
127,Butaritari,KI,2022-07-23 05:11:19,3.0707,172.7902,81.72,77,52,10.69
128,Tucurui,BR,2022-07-23 05:07:31,-3.7661,-49.6725,73.54,62,28,1.9
129,Pisco,PE,2022-07-23 05:11:20,-13.7,-76.2167,53.65,87,18,2.3
130,Cidreira,BR,2022-07-23 05:11:20,-30.1811,-50.2056,63.75,97,99,7.47
131,Naze,JP,2022-07-23 05:11:20,28.3667,129.4833,83.07,61,80,2.06
132,Vila Franca Do Campo,PT,2022-07-23 05:11:21,37.7167,-25.4333,70.2,87,98,0.63
133,Geraldton,AU,2022-07-23 05:11:21,-28.7667,114.6,64.81,88,75,11.5
134,Juan Aldama,MX,2022-07-23 05:11:21,24.2908,-103.3944,71.31,39,77,6.44
135,Hay River,CA,2022-07-23 05:11:22,60.8156,-115.7999,57.47,70,31,9.4
136,Samarai,PG,2022-07-23 05:11:22,-10.6167,150.6667,82.36,73,33,8.3
137,Codrington,AU,2022-07-23 05:11:22,-38.2667,141.9667,53.65,93,100,12.93
138,Sibolga,ID,2022-07-23 05:11:23,1.7427,98.7792,88.97,57,63,6.04
139,Baykit,RU,2022-07-23 05:11:23,61.67,96.37,74.48,57,100,8.16
140,Abu Samrah,SY,2022-07-23 05:12:23,35.3029,37.1841,78.91,39,0,8.32
141,Nouadhibou,MR,2022-07-23 05:12:24,20.931,-17.0347,69.46,93,52,3.89
142,Concepcion,CL,2022-07-23 05:12:00,-36.827,-73.0498,51.6,100,100,11.5
143,Kurilsk,RU,2022-07-23 05:12:24,45.2333,147.8833,58.39,95,100,5.19
144,Khatanga,RU,2022-07-23 05:12:24,71.9667,102.5,43.5,86,100,11.65
145,Road Town,VG,2022-07-23 05:12:25,18.4167,-64.6167,80.69,73,0,20.2
146,Arraial Do Cabo,BR,2022-07-23 05:12:25,-22.9661,-42.0278,70.3,91,5,19.55
147,Yerbogachen,RU,2022-07-23 05:12:25,61.2767,108.0108,76.78,43,100,12.62
148,Baruun-Urt,MN,2022-07-23 05:12:26,46.6806,113.2792,77.63,31,26,9.19
149,Mozarlandia,BR,2022-07-23 05:12:26,-14.7447,-50.5706,71.49,36,7,4.76
150,Bumba,CD,2022-07-23 05:12:27,2.1833,22.4667,68.32,95,100,3.78
151,Saint Anthony,US,2022-07-23 05:12:27,45.0205,-93.218,77.83,73,0,3.44
152,Puerto Madryn,AR,2022-07-23 05:12:27,-42.7692,-65.0385,36.01,99,100,17.65
153,Wagrowiec,PL,2022-07-23 05:12:27,52.8084,17.1996,69.82,76,40,1.86
154,Kalofer,BG,2022-07-23 05:12:28,42.6167,24.9833,73.89,83,0,2.37
155,Clyde River,CA,2022-07-23 05:12:28,70.4692,-68.5914,48.45,72,60,2.98
156,Sitka,US,2022-07-23 05:12:29,57.0531,-135.33,55.29,82,100,8.05
157,Castelo Do Piaui,BR,2022-07-23 05:12:29,-5.3222,-41.5525,71.51,57,40,3.96
158,Benemerito De Las Americas,MX,2022-07-23 05:12:29,16.5167,-90.6439,70.27,99,100,2.64
159,Belaya Gora,RU,2022-07-23 05:12:30,68.5333,146.4167,67.78,34,47,15.97
160,Atar,MR,2022-07-23 05:12:30,20.5169,-13.0499,83.79,56,100,8.37
161,Nieves,PH,2022-07-23 05:12:30,15.3274,120.9485,93.97,50,28,1.88
162,Nakamura,JP,2022-07-23 05:12:31,32.9833,132.9333,85.37,58,41,4.16
163,Nikolskoye,RU,2022-07-23 05:12:31,59.7035,30.7861,75.87,61,26,7.81
164,Lorengau,PG,2022-07-23 05:12:31,-2.0226,147.2712,85.53,68,24,9.64
165,Eregli,TR,2022-07-23 05:12:32,37.5133,34.0467,69.89,36,0,3.29
166,Tura,IN,2022-07-23 05:12:32,25.5198,90.2201,83.59,75,100,0.94
167,Mahebourg,MU,2022-07-23 05:12:32,-20.4081,57.7,74.25,72,7,17.13
168,Walvis Bay,NA,2022-07-23 05:12:33,-22.9575,14.5053,55.09,88,2,8.16
169,Manbij,SY,2022-07-23 05:12:33,36.5281,37.9549,83.48,25,0,13.65
170,Loreto,MX,2022-07-23 05:12:33,22.2667,-101.9667,64.09,70,55,15.68
171,Kautokeino,NO,2022-07-23 05:12:33,69.0125,23.0412,52.39,68,65,15.77
172,Hambantota,LK,2022-07-23 05:12:34,6.1241,81.1185,86.27,64,42,22.53
173,Shahr-E Babak,IR,2022-07-23 05:12:34,30.1165,55.1186,86.47,24,2,4.38
174,Shenjiamen,CN,2022-07-23 05:12:35,29.9576,122.298,85.28,75,75,3.51
175,Amapa,BR,2022-07-23 05:12:35,1.0,-52.0,70.11,99,100,1.05
176,Sao Joao Da Barra,BR,2022-07-23 05:10:12,-21.6403,-41.0511,70.66,89,0,12.03
177,Halifax,CA,2022-07-23 05:09:43,44.6453,-63.5724,68.52,93,0,4.54
178,Guanay,BO,2022-07-23 05:12:36,-15.4975,-67.8797,68.05,90,14,2.01
179,Yar-Sale,RU,2022-07-23 05:12:36,66.8333,70.8333,48.83,88,100,12.91
180,Hiroshima,JP,2022-07-23 05:12:36,34.3963,132.4594,83.98,60,52,5.06
181,Berdigestyakh,RU,2022-07-23 05:12:37,62.0989,126.6992,77.63,53,69,2.24
182,Esik,KZ,2022-07-23 05:13:37,43.3552,77.4525,89.02,21,0,8.34
183,Anadyr,RU,2022-07-23 05:13:37,64.75,177.4833,50.5,76,20,4.47
184,Arlit,NE,2022-07-23 05:13:38,18.7369,7.3853,87.96,43,75,6.42
185,Deputatskiy,RU,2022-07-23 05:13:38,69.3,139.9,63.32,44,93,16.2
186,Aguimes,ES,2022-07-23 05:13:38,27.9054,-15.4461,71.65,88,40,21.85
187,Camacha,PT,2022-07-23 05:13:38,33.0833,-16.3333,65.62,77,75,10.36
188,Saskylakh,RU,2022-07-23 05:13:39,71.9167,114.0833,58.33,54,99,6.78
189,Niquelandia,BR,2022-07-23 05:13:39,-14.4739,-48.4597,66.27,46,0,3.94
190,Bambanglipuro,ID,2022-07-23 05:13:39,-7.95,110.2833,79.97,76,99,12.5
191,Misratah,LY,2022-07-23 05:13:40,32.3754,15.0925,78.85,56,0,4.52
192,Vestmannaeyjar,IS,2022-07-23 05:13:40,63.4427,-20.2734,51.39,91,100,1.28
193,Yuryuzan,RU,2022-07-23 05:13:41,54.8633,58.4219,70.25,59,2,3.4
194,Lagoa,PT,2022-07-23 05:13:41,39.05,-27.9833,71.49,90,100,7.02
195,Takaka,NZ,2022-07-23 05:13:41,-40.85,172.8,48.56,77,100,2.73
196,East London,ZA,2022-07-23 05:13:42,-33.0153,27.9116,62.37,71,100,9.95
197,Severomorsk,RU,2022-07-23 05:13:42,69.0689,33.4162,55.4,88,79,5.79
198,Darnah,LY,2022-07-23 05:13:42,32.767,22.6367,77.11,74,0,11.72
199,Sinnamary,GF,2022-07-23 05:13:43,5.3833,-52.95,76.32,88,38,6.11
200,Nishihara,JP,2022-07-23 05:13:43,26.1842,127.7558,91.06,74,75,16.11
201,Dingle,PH,2022-07-23 05:13:43,10.9995,122.6711,88.23,67,95,3.96
202,Byron Bay,AU,2022-07-23 05:13:43,-28.65,153.6167,63.95,79,94,18.68
203,Raudeberg,NO,2022-07-23 05:13:44,61.9875,5.1352,56.07,80,86,13.69
204,North Olmsted,US,2022-07-23 05:13:44,41.4156,-81.9235,75.65,77,0,6.91
205,Dunedin,NZ,2022-07-23 05:13:44,-45.8742,170.5036,46.8,75,13,8.01
206,Batticaloa,LK,2022-07-23 05:13:45,7.7102,81.6924,86.97,60,56,4.07
207,Banepa,NP,2022-07-23 05:13:45,27.6298,85.5214,79.12,69,75,2.3
208,Banda Aceh,ID,2022-07-23 05:13:45,5.5577,95.3222,84.45,67,100,4.47
209,Padang,ID,2022-07-23 05:13:46,-0.9492,100.3543,86.05,65,64,5.77
210,Bathsheba,BB,2022-07-23 05:13:47,13.2167,-59.5167,79.41,91,75,12.66
211,Ledyard,US,2022-07-23 05:13:47,41.4398,-72.0142,76.3,78,0,0.0
212,Seredka,RU,2022-07-23 05:13:48,58.1584,28.1858,65.95,71,1,7.87
213,Baleni,RO,2022-07-23 05:13:48,45.8167,27.8333,75.51,32,40,6.24
214,Bakchar,RU,2022-07-23 05:13:48,57.0186,82.0711,64.85,53,26,8.34
215,Young,UY,2022-07-23 05:13:49,-32.6833,-57.6333,59.65,97,62,7.61
216,Grindavik,IS,2022-07-23 05:13:49,63.8424,-22.4338,48.67,100,100,5.75
217,Ust-Tsilma,RU,2022-07-23 05:13:49,65.441,52.1498,69.01,70,94,10.33
218,Chai Nat,TH,2022-07-23 05:13:50,15.1167,100.1,93.06,74,91,2.82
219,Syracuse,IT,2022-07-23 05:13:50,37.0881,15.2792,70.97,54,0,2.98
220,Harboore,DK,2022-07-23 05:13:50,56.6175,8.1807,56.17,95,100,12.24
221,Zhangye,CN,2022-07-23 05:13:51,38.9342,100.4517,87.73,13,0,2.17
222,Luderitz,NA,2022-07-23 05:13:51,-26.6481,15.1594,56.77,62,21,15.12
223,Takoradi,GH,2022-07-23 05:13:51,4.8845,-1.7554,73.51,81,56,4.47
224,Ceres,US,2022-07-23 05:11:01,37.5949,-120.9577,81.81,20,0,13.8
225,Chapais,CA,2022-07-23 05:13:52,49.7834,-74.8492,57.79,94,49,5.3
226,Am Timan,TD,2022-07-23 05:13:52,11.0297,20.2827,71.51,94,46,5.66
227,Berlevag,NO,2022-07-23 05:13:52,70.8578,29.0864,55.4,71,100,5.75
228,Sagaing,MM,2022-07-23 05:14:53,21.8787,95.9797,87.98,70,75,9.22
229,Port Blair,IN,2022-07-23 05:14:53,11.6667,92.75,80.64,89,100,4.61
230,Sarai,RU,2022-07-23 05:14:53,53.7458,41.0213,66.43,80,43,10.76
231,Fukue,JP,2022-07-23 05:14:53,32.6881,128.8419,82.76,74,75,4.61
232,Yazd,IR,2022-07-23 05:14:54,31.8972,54.3675,96.91,12,0,2.3
233,Nioro,GM,2022-07-23 05:14:54,13.35,-15.75,75.15,91,100,8.59
234,Kavieng,PG,2022-07-23 05:14:54,-2.5744,150.7967,84.74,69,18,9.62
235,Eirunepe,BR,2022-07-23 05:14:55,-6.6603,-69.8736,71.22,94,6,2.77
236,Lithgow,AU,2022-07-23 05:14:55,-33.4833,150.15,50.29,76,83,5.66
237,Katobu,ID,2022-07-23 05:14:55,-4.9408,122.5276,86.29,51,35,6.42
238,Shimoda,JP,2022-07-23 05:14:56,34.6667,138.95,88.11,67,0,16.4
239,Piacabucu,BR,2022-07-23 05:14:56,-10.4056,-36.4344,72.18,86,85,6.69
240,Jumla,NP,2022-07-23 05:14:56,29.2747,82.1838,70.5,79,95,4.52
241,Itarema,BR,2022-07-23 05:14:57,-2.9248,-39.9167,78.55,78,17,16.62
242,Sao Filipe,CV,2022-07-23 05:14:57,14.8961,-24.4956,74.8,82,64,2.04
243,Castro,BR,2022-07-23 05:14:57,-24.7911,-50.0119,55.83,68,32,2.39
244,Mahina,PF,2022-07-23 05:14:57,-17.5065,-149.489,76.77,69,20,8.05
245,Tezu,IN,2022-07-23 05:14:58,27.9167,96.1667,78.67,85,100,1.97
246,Udachnyy,RU,2022-07-23 05:14:58,66.4167,112.4,75.45,49,2,4.25
247,Madimba,TZ,2022-07-23 05:14:58,-10.4,40.3333,70.83,81,5,8.66
248,Mareeba,AU,2022-07-23 05:14:59,-17.0,145.4333,80.44,45,5,4.0
249,Thompson,CA,2022-07-23 05:14:59,55.7435,-97.8558,53.76,94,100,4.61
250,Nijar,ES,2022-07-23 05:14:59,36.9665,-2.206,73.65,65,0,4.61
251,Phayao,TH,2022-07-23 05:15:00,19.25,100.25,70.79,100,100,0.87
252,Bozoum,CF,2022-07-23 05:15:00,6.3193,16.3799,66.0,96,100,3.02
253,Bilibino,RU,2022-07-23 05:15:00,68.0546,166.4372,55.42,47,9,8.23
254,Mezen,RU,2022-07-23 05:15:01,65.8522,44.24,54.28,77,100,8.63
255,Wanning,CN,2022-07-23 05:15:01,18.8003,110.3967,88.0,65,1,5.64
256,Yulara,AU,2022-07-23 05:15:01,-25.2406,130.9889,78.24,20,2,9.48
257,Ixtapa,MX,2022-07-23 05:15:02,20.7,-105.2,79.83,83,100,5.75
258,Sembakung,ID,2022-07-23 05:15:02,3.8167,117.25,90.72,55,78,3.44
259,Rio Grande,BR,2022-07-23 05:15:02,-32.035,-52.0986,58.95,99,100,3.67
260,Ifanadiana,MG,2022-07-23 05:15:03,-21.3,47.6333,59.97,94,11,1.32
261,The Valley,AI,2022-07-23 05:15:03,18.217,-63.0578,80.46,75,12,22.91
262,Luau,AO,2022-07-23 05:15:04,-10.7073,22.2247,58.55,51,35,3.94
263,Kodinsk,RU,2022-07-23 05:15:04,58.6881,99.1844,71.35,63,100,5.53
264,Gulmarg,IN,2022-07-23 05:14:21,34.049,74.3921,63.64,82,100,2.53
265,Port Hardy,CA,2022-07-23 05:15:04,50.6996,-127.4199,57.38,82,40,4.61
266,Akyab,MM,2022-07-23 05:15:05,20.15,92.9,79.99,84,100,10.42
267,Avera,US,2022-07-23 05:15:05,33.194,-82.5271,77.56,70,99,3.85
268,Oktyabrskiy,RU,2022-07-23 05:15:05,54.4815,53.471,71.53,60,1,2.46
269,Dicabisagan,PH,2022-07-23 05:15:06,17.0818,122.4157,90.05,59,61,5.95
270,Zyryanskoye,RU,2022-07-23 05:15:06,56.8306,86.6258,65.34,59,67,12.71
271,Avallon,FR,2022-07-23 05:15:06,47.4833,3.9,64.04,96,100,5.37
272,Yura,PE,2022-07-23 05:15:07,-16.2522,-71.6797,51.49,38,10,2.35
273,Pascagoula,US,2022-07-23 05:10:35,30.3658,-88.5561,80.64,94,0,0.0
274,Talnakh,RU,2022-07-23 05:15:07,69.4865,88.3972,79.21,28,13,10.56
275,Kattivakkam,IN,2022-07-23 05:15:07,13.2167,80.3167,89.69,76,100,4.56
276,Poya,NC,2022-07-23 05:15:08,-21.35,165.15,74.77,90,100,6.76
277,Texarkana,US,2022-07-23 05:16:08,33.4251,-94.0477,80.82,72,0,6.91
278,Yellowknife,CA,2022-07-23 05:12:11,62.456,-114.3525,62.56,63,15,8.01
279,Nadym,RU,2022-07-23 05:16:08,65.5333,72.5167,52.56,77,100,9.78
280,Chitral,PK,2022-07-23 05:14:10,35.8462,71.7858,83.8,61,29,7.43
281,Roma,US,2022-07-23 05:16:09,43.2128,-75.4557,69.87,91,20,4.61
282,Leningradskiy,RU,2022-07-23 05:16:09,69.3833,178.4167,38.41,79,60,6.17
283,Cayenne,GF,2022-07-23 05:14:55,4.9333,-52.3333,77.09,1,0,0.0
284,Korla,CN,2022-07-23 05:16:10,41.7597,86.1469,97.65,12,0,12.59
285,Mount Gambier,AU,2022-07-23 05:16:10,-37.8333,140.7667,55.62,88,92,8.03
286,Nome,US,2022-07-23 05:16:10,64.5011,-165.4064,46.47,87,100,4.61
287,Vila Velha,BR,2022-07-23 05:16:11,-20.3297,-40.2925,69.75,88,75,3.44
288,Tiksi,RU,2022-07-23 05:16:11,71.6872,128.8694,47.07,78,93,7.29
289,Pacifica,US,2022-07-23 05:16:11,37.6138,-122.4869,63.68,90,20,10.36
290,Prainha,BR,2022-07-23 05:16:12,-1.8,-53.48,73.94,85,30,2.77
291,Ternate,ID,2022-07-23 05:16:12,0.8,127.4,84.16,69,20,8.66
292,Gampaha,LK,2022-07-23 05:16:12,7.0897,79.9925,81.63,81,82,9.42
293,Ahipara,NZ,2022-07-23 05:16:12,-35.1667,173.1667,55.81,77,100,11.74
294,Santiago Del Estero,AR,2022-07-23 05:13:56,-27.7951,-64.2615,65.48,74,75,4.79
295,Komsomolskiy,UZ,2022-07-23 05:16:13,40.4272,71.7189,95.72,26,0,4.61
296,Leo,BF,2022-07-23 05:16:13,11.1,-2.1,72.09,92,100,5.32
297,Port-Cartier,CA,2022-07-23 05:12:02,50.0334,-66.8654,56.75,87,56,1.72
298,Victoria,HK,2022-07-23 05:15:05,22.2855,114.1577,95.38,71,1,5.01
299,Pemberton,CA,2022-07-23 05:15:39,50.3164,-122.8027,68.72,75,67,4.59
300,Maniitsoq,GL,2022-07-23 05:16:14,65.4167,-52.9,44.98,82,100,4.38
301,Orgovany,HU,2022-07-23 05:16:14,46.7509,19.4726,73.44,32,2,2.13
302,Vardo,NO,2022-07-23 05:16:14,70.3705,31.1107,55.38,76,40,4.61
303,Poum,NC,2022-07-23 05:16:15,-20.2333,164.0167,75.6,84,51,4.79
304,Shingu,JP,2022-07-23 05:16:15,33.7333,135.9833,82.63,72,74,7.09
305,Kiunga,PG,2022-07-23 05:16:15,-6.1219,141.2906,86.0,67,80,2.06
306,Kununurra,AU,2022-07-23 05:16:16,-15.7667,128.7333,87.78,14,7,4.61
307,Sola,VU,2022-07-23 05:16:16,-13.8833,167.55,80.35,77,13,12.1
308,Zimovniki,RU,2022-07-23 05:16:16,47.1483,42.4633,67.32,66,81,6.42
309,Bhainsdehi,IN,2022-07-23 05:16:17,21.6467,77.6325,69.69,99,100,5.23
310,Karasjok,NO,2022-07-23 05:16:17,69.4719,25.5112,51.58,90,98,5.75
311,Iqaluit,CA,2022-07-23 05:16:17,63.7506,-68.5145,42.53,93,75,3.44
312,Okato,NZ,2022-07-23 05:16:18,-39.2,173.8833,49.17,66,98,8.01
313,Persianovskiy,RU,2022-07-23 05:16:18,47.5137,40.1075,66.72,72,20,4.47
314,Petauke,ZM,2022-07-23 05:16:18,-14.2426,31.3253,58.86,66,10,9.35
315,Horsham,GB,2022-07-23 05:16:19,51.064,-0.3272,61.25,92,20,1.14
316,Port Moresby,PG,2022-07-23 05:16:19,-9.4431,147.1797,85.42,74,40,27.63
317,Okha,RU,2022-07-23 05:16:19,53.5739,142.9478,62.92,60,94,9.4
318,Santa Lucia,ES,2022-07-23 05:16:20,27.9117,-15.5407,66.76,88,20,21.85
319,San Pedro,PH,2022-07-23 05:12:49,14.35,121.0167,88.36,75,83,5.3
320,Luganville,VU,2022-07-23 05:16:20,-15.5333,167.1667,81.57,79,68,10.04
321,Vao,NC,2022-07-23 05:16:20,-22.6667,167.4833,73.4,92,100,26.17
322,Lucea,JM,2022-07-23 05:16:21,18.451,-78.1736,80.46,80,78,11.36
323,Riyadh,SA,2022-07-23 05:15:09,24.6877,46.7219,100.54,14,65,5.01
324,Quirinopolis,BR,2022-07-23 05:16:21,-18.4483,-50.4517,67.01,44,3,3.94
325,Bac Lieu,VN,2022-07-23 05:17:21,9.285,105.7244,85.95,64,92,7.14
326,Erzin,TR,2022-07-23 05:17:22,36.9559,36.2,81.18,49,0,4.05
327,Tiarei,PF,2022-07-23 05:17:22,-17.5333,-149.3333,77.02,78,26,10.04
328,Ponta Do Sol,PT,2022-07-23 05:17:22,32.6667,-17.1,70.72,79,27,3.74
329,Yeppoon,AU,2022-07-23 05:17:23,-23.1333,150.7333,76.78,65,1,5.46
330,Tazovskiy,RU,2022-07-23 05:17:23,67.4667,78.7,57.34,73,100,9.17
331,Port Macquarie,AU,2022-07-23 05:17:23,-31.4333,152.9167,59.9,71,44,11.92
332,Maumere,ID,2022-07-23 05:17:24,-8.6199,122.2111,81.63,61,32,7.38
333,Cochrane,CA,2022-07-23 05:15:38,51.1834,-114.4687,59.61,79,100,5.75
334,Neiafu,TO,2022-07-23 05:17:24,-18.65,-173.9833,77.68,83,40,5.75
335,Santa Isabel Do Rio Negro,BR,2022-07-23 05:17:24,-0.4139,-65.0192,72.41,99,100,1.25
336,Malanje,AO,2022-07-23 05:17:25,-9.5402,16.341,62.26,61,100,1.95
337,Yakeshi,CN,2022-07-23 05:17:25,49.2833,120.7333,73.62,79,99,12.82
338,Williams Lake,CA,2022-07-23 05:15:38,52.1415,-122.1445,71.17,52,0,4.61
339,Waipawa,NZ,2022-07-23 05:17:25,-41.4122,175.5153,43.7,79,99,4.88
340,Boyolangu,ID,2022-07-23 05:17:26,-8.1181,111.8935,79.16,77,95,9.01
341,Beberibe,BR,2022-07-23 05:17:26,-4.1797,-38.1306,74.55,84,91,12.01
342,Broome,US,2022-07-23 05:17:26,42.2506,-75.833,70.68,86,0,5.75
343,Cockburn Town,TC,2022-07-23 05:17:27,21.4612,-71.1419,81.61,78,95,20.29
344,Flinders,AU,2022-07-23 05:17:27,-34.5833,150.8552,64.18,79,79,4.0
345,Lavrentiya,RU,2022-07-23 05:17:27,65.5833,-171.0,46.78,72,93,15.46
346,Esfahan,IR,2022-07-23 05:17:28,32.6572,51.6776,85.64,11,0,0.34
347,Pangnirtung,CA,2022-07-23 05:17:28,66.1451,-65.7125,49.5,70,68,1.63
348,Havoysund,NO,2022-07-23 05:17:28,70.9963,24.6622,53.83,93,100,24.16
349,Paamiut,GL,2022-07-23 05:17:29,61.994,-49.6678,44.4,84,0,11.88
350,Rapid Valley,US,2022-07-23 05:15:53,44.0625,-103.1463,88.03,27,0,14.97
351,Sao Jose Da Coroa Grande,BR,2022-07-23 05:17:29,-8.8978,-35.1478,73.6,86,89,8.63
352,Nesna,NO,2022-07-23 05:17:29,66.1967,13.0213,52.57,86,99,3.56
353,Carballo,ES,2022-07-23 05:16:05,43.213,-8.691,62.01,95,6,4.29
354,Tomatlan,MX,2022-07-23 05:17:30,19.9333,-105.25,76.32,96,100,5.37
355,Tonantins,BR,2022-07-23 05:17:30,-2.8731,-67.8022,71.56,99,98,1.12
356,Auki,SB,2022-07-23 05:17:30,-8.7676,160.7034,82.67,72,19,1.88
357,Virginia Beach,US,2022-07-23 05:17:30,36.8529,-75.978,83.01,85,0,6.91
358,Arona,ES,2022-07-23 05:17:31,28.0996,-16.681,72.7,78,0,0.0
359,Yerofey Pavlovich,RU,2022-07-23 05:17:31,53.9667,121.9667,81.21,39,17,8.84
360,Swellendam,ZA,2022-07-23 05:17:31,-34.0226,20.4417,52.14,93,100,4.83
361,Buraydah,SA,2022-07-23 05:17:32,26.326,43.975,91.85,10,70,3.11
362,Port-Gentil,GA,2022-07-23 05:17:32,-0.7193,8.7815,73.36,83,20,5.75
363,Salalah,OM,2022-07-23 05:17:32,17.0151,54.0924,77.09,94,100,6.91
364,Margate,GB,2022-07-23 05:17:33,51.3813,1.3862,60.69,92,80,6.15
365,Myitkyina,MM,2022-07-23 05:17:33,25.3833,97.4,82.15,82,100,1.19
366,Mamburao,PH,2022-07-23 05:17:33,13.25,120.6667,86.47,69,98,7.4
367,Verkhnyaya Inta,RU,2022-07-23 05:17:34,65.9811,60.3094,52.56,64,100,7.7
368,Genhe,CN,2022-07-23 05:17:34,50.7833,121.5167,76.69,48,91,8.39
369,Tapes,BR,2022-07-23 05:18:35,-30.6733,-51.3958,62.1,98,100,5.59
370,Caravelas,BR,2022-07-23 05:18:35,-17.7125,-39.2481,69.08,85,2,4.34
371,Skelleftea,SE,2022-07-23 05:15:45,64.7507,20.9528,53.96,71,20,6.91
372,Porto Walter,BR,2022-07-23 05:18:36,-8.2686,-72.7439,71.96,76,2,2.8
373,Asau,RO,2022-07-23 05:18:37,46.4333,26.4,67.28,48,30,1.95
374,Karratha,AU,2022-07-23 05:18:37,-20.7377,116.8463,77.59,44,0,15.7
375,Laguna,US,2022-07-23 05:18:37,38.421,-121.4238,81.45,36,0,5.75
376,Aykhal,RU,2022-07-23 05:18:37,66.0,111.5,73.56,44,15,8.43
377,Almeirim,BR,2022-07-23 05:18:38,-1.5233,-52.5817,75.6,79,71,3.0
378,Hami,CN,2022-07-23 05:18:38,42.8,93.45,99.07,10,0,8.43
379,Ahar,IR,2022-07-23 05:18:38,38.4774,47.0699,69.8,59,0,7.54
380,Bijar,IR,2022-07-23 05:18:39,35.8668,47.6051,71.94,19,0,3.83
381,Klaksvik,FO,2022-07-23 05:18:39,62.2266,-6.589,49.12,82,100,7.43
382,Tiszaluc,HU,2022-07-23 05:18:39,48.0333,21.0833,75.36,52,3,3.42
383,Oistins,BB,2022-07-23 05:18:40,13.0667,-59.5333,78.89,83,75,12.66
384,Nichinan,JP,2022-07-23 05:18:40,31.6,131.3667,83.88,62,71,5.93
385,Oga,IT,2022-07-23 05:18:40,46.4631,10.347,61.81,81,94,2.33
386,Vuktyl,RU,2022-07-23 05:18:41,63.8567,57.3094,49.87,70,100,5.61
387,La Plaine,DM,2022-07-23 05:18:41,15.3333,-61.25,78.96,79,42,14.25
388,Sisimiut,GL,2022-07-23 05:18:41,66.9395,-53.6735,46.89,84,100,4.54
389,Alugan,PH,2022-07-23 05:18:42,12.2188,125.4808,85.41,70,96,6.04
390,Urumqi,CN,2022-07-23 05:14:02,43.801,87.6005,86.95,29,0,8.95
391,Nantucket,US,2022-07-23 05:18:42,41.2835,-70.0995,78.91,77,100,0.0
392,Lompoc,US,2022-07-23 05:18:42,34.6391,-120.4579,58.51,81,100,20.0
393,Saldanha,ZA,2022-07-23 05:18:43,-33.0117,17.9442,48.25,84,61,12.93
394,Vestmanna,FO,2022-07-23 05:18:43,62.1564,-7.1664,47.32,93,100,8.05
395,Lazaro Cardenas,MX,2022-07-23 05:18:43,17.9583,-102.2,79.39,83,100,3.11
396,Batagay-Alyta,RU,2022-07-23 05:18:44,67.8006,130.4114,71.49,40,8,17.96
397,Namatanai,PG,2022-07-23 05:18:44,-3.6667,152.4333,84.07,65,17,7.87
398,Azov,RU,2022-07-23 05:18:44,47.1078,39.4165,65.52,73,38,9.1
399,Eidsvag,NO,2022-07-23 05:18:45,62.7767,8.0668,55.45,80,65,3.49
400,Teguise,ES,2022-07-23 05:18:45,29.0605,-13.564,71.82,83,75,4.61
401,Tateyama,JP,2022-07-23 05:18:45,34.9833,139.8667,85.1,73,0,19.26
402,Ancud,CL,2022-07-23 05:18:46,-41.8697,-73.8203,45.23,93,99,14.34
403,Kahului,US,2022-07-23 05:18:46,20.8947,-156.47,78.82,74,0,20.71
404,Adre,TD,2022-07-23 05:18:46,13.4667,22.2,74.39,77,19,4.12
405,Bafra,TR,2022-07-23 05:18:47,41.5678,35.9069,78.31,47,0,5.23
406,Yambio,SS,2022-07-23 05:18:47,4.5721,28.3955,66.76,98,32,3.51
407,Orlik,RU,2022-07-23 05:18:47,52.5178,99.825,53.01,87,100,2.95
408,Waddan,LY,2022-07-23 05:18:48,29.1614,16.139,74.03,49,0,3.87
409,Bowen,AU,2022-07-23 05:18:48,-20.0167,148.2333,68.05,67,0,9.86
410,Klyuchi,RU,2022-07-23 05:18:48,52.2667,79.1667,71.2,45,94,3.58
411,Do Gonbadan,IR,2022-07-23 05:18:49,30.3586,50.7981,93.29,38,0,2.3
412,Kondinskoye,RU,2022-07-23 05:18:49,59.6481,67.41,59.5,50,36,11.95
413,Palmares Do Sul,BR,2022-07-23 05:18:49,-30.2578,-50.5097,63.23,98,100,4.79
414,Vostok,RU,2022-07-23 05:18:50,46.4856,135.8833,70.7,61,99,1.92
415,Rovnoye,RU,2022-07-23 05:19:50,50.7765,46.0509,68.22,73,100,8.77
416,Chaihe,CN,2022-07-23 05:19:50,44.7667,129.7,74.52,65,54,7.76
417,Eyl,SO,2022-07-23 05:19:51,7.9803,49.8164,81.66,53,10,25.79
418,Sambava,MG,2022-07-23 05:19:51,-14.2667,50.1667,70.83,80,85,10.31
419,Mogadishu,SO,2022-07-23 05:19:51,2.0371,45.3438,76.48,79,86,16.84
420,Pyay,MM,2022-07-23 05:19:51,18.8167,95.2167,86.02,66,94,9.01
421,Ngunguru,NZ,2022-07-23 05:19:52,-35.6167,174.5,56.82,73,100,19.3
422,Ilulissat,GL,2022-07-23 05:19:52,69.2167,-51.1,46.42,100,100,4.61
423,Nogliki,RU,2022-07-23 05:19:52,51.8333,143.1667,60.76,73,83,9.42
424,Talcahuano,CL,2022-07-23 05:15:15,-36.7167,-73.1167,51.48,100,100,11.5
425,Sharkan,RU,2022-07-23 05:19:53,57.2989,53.8712,69.98,65,43,4.74
426,Husavik,IS,2022-07-23 05:19:53,66.0449,-17.3389,47.41,91,18,1.48
427,Impfondo,CG,2022-07-23 05:19:54,1.6381,18.0667,68.67,97,100,2.42
428,Tsuyama,JP,2022-07-23 05:19:54,35.05,134.0,83.23,57,63,6.11
429,Isangel,VU,2022-07-23 05:19:54,-19.55,169.2667,77.29,80,100,14.29
430,Hanko,FI,2022-07-23 05:17:11,59.8333,22.95,67.05,92,47,13.69
431,San Agustin,MX,2022-07-23 05:19:55,20.5333,-103.4667,63.72,77,75,4.61
432,Bontang,ID,2022-07-23 05:19:55,0.1333,117.5,80.98,77,99,8.52
433,Marsh Harbour,BS,2022-07-23 05:19:55,26.5412,-77.0636,82.49,75,6,12.73
434,Touros,BR,2022-07-23 05:19:56,-5.1989,-35.4608,72.63,89,44,13.29
435,Mount Isa,AU,2022-07-23 05:19:56,-20.7333,139.5,76.77,20,0,6.91
436,Bandarbeyla,SO,2022-07-23 05:19:56,9.4942,50.8122,81.48,62,9,30.36
437,La Ronge,CA,2022-07-23 05:19:57,55.1001,-105.2842,53.85,87,75,5.75
438,Smithers,CA,2022-07-23 05:19:57,54.7804,-127.1743,66.52,52,20,9.22
439,Honningsvag,NO,2022-07-23 05:19:57,70.9821,25.9704,53.35,76,100,11.5
440,Sunrise Manor,US,2022-07-23 05:17:29,36.2111,-115.0731,101.88,14,0,11.5
441,Sao Felix Do Xingu,BR,2022-07-23 05:19:58,-6.6447,-51.995,69.51,55,90,2.44
442,Hamilton,US,2022-07-23 05:15:16,39.1834,-84.5333,77.09,85,0,0.0
443,Kalispell,US,2022-07-23 05:19:00,48.1958,-114.3129,60.33,67,0,0.0
444,Norfolk,US,2022-07-23 05:18:31,42.1668,-71.2495,78.64,80,0,0.0
445,Vanimo,PG,2022-07-23 05:19:58,-2.6741,141.3028,84.51,72,20,8.77
446,Richards Bay,ZA,2022-07-23 05:19:58,-28.783,32.0377,63.05,87,0,10.67
447,Krasnoselkup,RU,2022-07-23 05:19:59,65.7,82.4667,74.48,51,100,15.59
448,Ossora,RU,2022-07-23 05:19:59,59.2353,163.0719,60.82,67,21,12.55
449,Fayaoue,NC,2022-07-23 05:20:00,-20.65,166.5333,75.56,83,100,19.44
450,Wamba,NG,2022-07-23 05:20:00,8.9333,8.6,70.57,95,100,1.68
451,Imatra,FI,2022-07-23 05:20:00,61.1719,28.7524,73.13,85,27,1.99
452,Guaratinga,BR,2022-07-23 05:20:01,-16.5667,-39.5667,62.19,97,8,3.06
453,Chiredzi,ZW,2022-07-23 05:20:01,-21.05,31.6667,57.96,87,0,1.5
454,Yunhe,CN,2022-07-23 05:20:01,34.0833,119.7167,80.67,76,100,18.07
455,Dusti,TJ,2022-07-23 05:20:02,37.3481,68.664,102.78,8,0,2.73
456,Asilah,MA,2022-07-23 05:20:02,35.465,-6.0348,78.76,68,0,7.52
457,Jiaocheng,CN,2022-07-23 05:20:02,24.6774,116.1389,99.61,36,0,5.12
458,Leh,IN,2022-07-23 05:20:03,34.1667,77.5833,72.81,16,97,3.06
459,Hailar,CN,2022-07-23 05:20:03,49.2,119.7,80.29,48,100,8.08
460,Sergiyevsk,RU,2022-07-23 05:21:03,53.9413,51.165,71.78,64,12,7.31
461,Olinda,BR,2022-07-23 05:21:04,-8.0089,-34.8553,71.33,88,40,6.91
462,Jardim,BR,2022-07-23 05:21:04,-21.4803,-56.1381,67.86,49,63,2.15
463,Mandalgovi,MN,2022-07-23 05:21:04,45.7625,106.2708,78.37,22,88,17.16
464,Alyangula,AU,2022-07-23 05:21:05,-13.8483,136.4192,75.43,47,11,7.78
465,Rosario,AR,2022-07-23 05:21:05,-32.9468,-60.6393,55.94,95,3,4.61
466,Syamzha,RU,2022-07-23 05:21:05,60.0158,41.0614,71.49,58,39,5.3
467,Gushikawa,JP,2022-07-23 05:21:06,26.3544,127.8686,90.99,71,75,16.11
468,Mvomero,TZ,2022-07-23 05:21:06,-6.25,38.6667,70.16,83,15,4.83
469,Inhambane,MZ,2022-07-23 05:21:06,-23.865,35.3833,58.98,94,20,0.0
470,Taoudenni,ML,2022-07-23 05:21:06,22.6783,-3.9836,94.01,17,37,9.93
471,Lingao,CN,2022-07-23 05:21:07,19.9103,109.6859,87.58,70,25,7.38
472,Beyneu,KZ,2022-07-23 05:21:07,45.3167,55.2,85.39,38,45,11.65
473,Svetlogorsk,BY,2022-07-23 05:21:07,52.6333,29.7333,66.18,71,0,1.25
474,Isilkul,RU,2022-07-23 05:21:08,54.9109,71.2728,70.47,55,61,8.34
475,La Reforma,MX,2022-07-23 05:21:08,25.0833,-108.05,77.65,84,100,6.96
476,Litovko,RU,2022-07-23 05:21:08,49.2361,135.1742,69.84,72,90,13.29
477,Beloha,MG,2022-07-23 05:21:09,-25.1667,45.05,64.76,64,0,8.79
478,Charneca De Caparica,PT,2022-07-23 05:21:09,38.6206,-9.1915,66.33,76,0,10.36
479,Nezlobnaya,RU,2022-07-23 05:21:09,44.1181,43.4028,66.34,63,62,6.71
480,Emden,DE,2022-07-23 05:21:10,53.3667,7.2167,58.96,81,82,6.13
481,Zurrieq,MT,2022-07-23 05:21:10,35.8311,14.4742,78.96,63,0,5.01
482,Oranjestad,AW,2022-07-23 05:21:10,12.524,-70.027,80.69,84,93,21.79
483,Itoman,JP,2022-07-23 05:17:32,26.1247,127.6694,91.78,74,75,12.66
484,Buchanan,LR,2022-07-23 05:21:11,5.8808,-10.0467,75.24,78,94,5.99
485,Ponta Delgada,PT,2022-07-23 05:21:11,37.7333,-25.6667,70.5,94,40,2.3
486,Kupang,ID,2022-07-23 05:21:11,-10.1667,123.5833,83.79,43,82,14.43
487,Te Anau,NZ,2022-07-23 05:21:12,-45.4167,167.7167,40.91,94,59,1.72
488,Rawson,AR,2022-07-23 05:21:12,-43.3002,-65.1023,34.77,98,100,12.08
489,Penzance,GB,2022-07-23 05:21:12,50.1186,-5.5371,61.48,92,71,15.14
490,San Patricio,US,2022-07-23 05:21:13,28.017,-97.5169,85.89,75,6,13.2
491,Shubarkuduk,KZ,2022-07-23 05:21:13,49.1447,56.4872,81.99,36,27,6.67
492,Magistralnyy,RU,2022-07-23 05:21:13,56.1725,107.4458,80.1,56,54,3.44
493,Kangaatsiaq,GL,2022-07-23 05:21:14,68.3065,-53.4641,44.08,95,100,6.73
494,Gamba,GA,2022-07-23 05:21:14,-2.65,10.0,67.21,90,38,4.47
495,Maneadero,MX,2022-07-23 05:21:14,31.7167,-116.5667,67.1,81,21,4.0
496,Farakka,IN,2022-07-23 05:21:15,24.8167,87.9,93.0,54,100,11.21
497,Hualmay,PE,2022-07-23 05:21:15,-11.0964,-77.6139,60.3,88,37,7.2
498,Alice Springs,AU,2022-07-23 05:21:15,-23.7,133.8833,80.15,12,0,8.05
499,College,US,2022-07-23 05:21:16,64.8569,-147.8028,57.18,78,75,10.36
500,Saint-Paul,RE,2022-07-23 05:21:16,-21.0096,55.2707,73.74,66,12,1.23
501,Lhokseumawe,ID,2022-07-23 05:21:16,5.1801,97.1507,86.16,64,73,6.67
502,Zheleznodorozhnyy,RU,2022-07-23 05:21:16,55.7503,38.0042,72.14,79,63,4.27
503,Sur,OM,2022-07-23 05:21:17,22.5667,59.5289,90.3,60,65,8.01
504,Kirillov,RU,2022-07-23 05:21:17,59.863,38.3813,70.25,60,23,4.68
505,San Quintin,MX,2022-07-23 05:22:18,30.4833,-115.95,66.18,84,21,6.69
506,Vanavara,RU,2022-07-23 05:22:18,60.34,102.2797,69.89,65,100,7.43
507,San Juan Del Parana,PY,2022-07-23 05:22:18,-27.3,-55.9667,69.85,78,0,8.05
508,Kaspiyskiy,RU,2022-07-23 05:22:18,45.3929,47.3707,76.44,49,87,13.38
509,Akranes,IS,2022-07-23 05:20:08,64.3218,-22.0749,51.85,90,93,2.17
510,Gorontalo,ID,2022-07-23 05:22:19,0.5412,123.0595,83.35,80,20,5.93
511,Fallon,US,2022-07-23 05:20:34,39.4735,-118.7774,82.45,11,0,3.44
512,Dalbandin,PK,2022-07-23 05:22:19,28.8947,64.4101,91.92,42,94,5.48
513,Mayumba,GA,2022-07-23 05:22:20,-3.432,10.6554,66.9,90,48,2.21
514,Chupa,RU,2022-07-23 05:22:20,66.27,33.0549,63.43,74,100,4.79
515,Evensk,RU,2022-07-23 05:22:20,61.95,159.2333,64.11,46,25,7.58
516,Valentin Gomez Farias,MX,2022-07-23 05:21:20,28.2167,-106.5833,72.07,60,91,4.81
517,Oskarshamn,SE,2022-07-23 05:22:21,57.2645,16.4484,63.99,73,98,3.8
518,Ust-Kuyga,RU,2022-07-23 05:22:21,70.0167,135.6,79.3,43,82,5.5
519,Labuhan,ID,2022-07-23 05:22:21,-6.8844,112.2051,86.63,59,14,2.3
520,Ahuimanu,US,2022-07-23 05:22:22,21.4447,-157.8378,82.11,72,20,19.57
521,Guatire,VE,2022-07-23 05:22:22,10.4762,-66.5427,71.19,97,54,1.9
522,Antofagasta,CL,2022-07-23 05:22:22,-23.65,-70.4,56.48,87,100,1.21
523,Meadow Lake,US,2022-07-23 05:22:23,34.8014,-106.5436,81.88,45,86,6.44
524,Maputo,MZ,2022-07-23 05:22:23,-25.9653,32.5892,58.68,100,20,4.61
525,Springbok,ZA,2022-07-23 05:22:23,-29.6643,17.8865,43.75,57,100,3.91
526,Limoeiro Do Norte,BR,2022-07-23 05:22:24,-5.1456,-38.0981,72.79,84,98,9.53
527,Rio Gallegos,AR,2022-07-23 05:22:24,-51.6226,-69.2181,28.45,86,0,14.97
528,Mayo,US,2022-07-23 05:22:24,38.8876,-76.5119,83.98,76,0,4.61
529,Muros,ES,2022-07-23 05:22:25,42.7762,-9.0603,63.09,80,0,10.09
530,Praia Da Vitoria,PT,2022-07-23 05:22:25,38.7333,-27.0667,69.76,68,75,3.27
531,Mao,ES,2022-07-23 05:21:31,39.8885,4.2658,73.96,88,0,6.91
532,Tessalit,ML,2022-07-23 05:22:25,20.1986,1.0114,90.37,22,53,5.44
533,Rocha,UY,2022-07-23 05:22:26,-34.4833,-54.3333,54.93,94,55,4.21
534,Erdenet,MN,2022-07-23 05:22:26,49.0333,104.0833,64.96,56,55,3.6
535,Wanaka,NZ,2022-07-23 05:22:26,-44.7,169.15,33.73,94,19,0.89
536,Marawi,PH,2022-07-23 05:22:27,7.9986,124.2928,77.9,84,41,1.45
537,Cradock,ZA,2022-07-23 05:22:27,-32.1642,25.6192,53.91,48,100,6.35
538,Kaeo,NZ,2022-07-23 05:22:27,-35.1,173.7833,55.33,91,100,14.88
539,Petropavlovsk-Kamchatskiy,RU,2022-07-23 05:22:28,53.0452,158.6483,61.39,63,75,13.42
540,Vysokogornyy,RU,2022-07-23 05:22:28,50.1167,139.15,60.96,84,100,4.16
541,Tambun,ID,2022-07-23 05:22:28,-6.2641,107.0712,94.03,54,27,5.26
542,Tabuk,PH,2022-07-23 05:22:29,17.4189,121.4443,89.92,59,13,3.51
543,Zhigansk,RU,2022-07-23 05:22:29,66.7697,123.3711,65.95,56,42,11.27
544,Douglas,US,2022-07-23 05:22:29,41.3,-96.167,83.26,70,0,6.91
545,Porto Novo,BJ,2022-07-23 05:22:30,6.4965,2.6036,76.82,85,100,5.66
546,Nago,JP,2022-07-23 05:22:30,26.5881,127.9761,91.83,76,81,10.69
547,Aktau,KZ,2022-07-23 05:22:30,43.65,51.2,81.18,51,6,13.62
548,Abu Dhabi,AE,2022-07-23 05:19:18,24.4667,54.3667,105.82,39,0,9.22
549,Mangan,IN,2022-07-23 05:22:31,27.5167,88.5333,78.64,85,100,1.14
550,Amga,RU,2022-07-23 05:23:31,60.8953,131.9608,81.45,55,97,4.23
